Size,Dynamic Array,Treap
0.1,273.194103,39.440883
0.2,1076.999813,98.023819
0.5,7928.959297,367.117527
0.8,22456.689277,678.725449
1,36000.477064,927.370203
