Insertions,Dynamic Array,Treap
0.1,4.233599,37.973409
0.2,6.135026,98.305189
0.5,5.952571,345.357049
0.8,10.381279,756.114669
1,42.198037,1019.638184
