Search,Dynamic Array,Treap
0.1,476.565776,1033.533545
0.5,2283.221551,1018.065410
1,4408.284872,1000.805749
5,20628.415256,966.414401
10,38557.080826,919.367466
