Delete,Dynamic Array,Treap
0.1,476.370713,1022.821618
0.5,2241.493369,1089.139230
1,4130.970861,977.912841
5,19690.970821,982.969180
10,33896.218392,948.871250
